id,name,phone,email,zipcode,city,country,state,age,gender
1,Clementia Sennett,(504) 744-6211,clementia.sennett@gmail.com,70187,New Orleans,United States,Louisiana,42,Female
2,Marya Tickle,(562) 263-8674,marya.tickle@yahoo.co.in,90045,Los Angeles,United States,California,13,Male
3,Rona Falvey,(775) 585-5459,rona.falvey@hotmail.com,89519,Reno,United States,Nevada,26,Female
4,Fulvia Geleman,(754) 238-8734,fulvia.geleman@yahoo.com,33336,Fort Lauderdale,United States,Florida,73,Female
5,Maximilianus McArt,(813) 220-2207,maximilianus.mcart@yahoo.com,33610,Tampa,United States,Florida,56,Female
6,Marita Meriton,(713) 688-3777,marita.meriton@hotmail.com,77005,Houston,United States,Texas,41,Male
7,Derrek Branscombe,(863) 869-0457,derrek.branscombe@hotmail.com,33811,Lakeland,United States,Florida,65,Female
8,Duff Gerling,(630) 388-1245,duff.gerling@yahoo.com,60505,Aurora,United States,Illinois,39,Female
9,Sly Brodie,(405) 534-5872,sly.brodie@live.com,73147,Oklahoma City,United States,Oklahoma,56,Male
10,Nanine Shillabeer,(316) 514-6775,nanine.shillabeer@hotmail.co.uk,67215,Wichita,United States,Kansas,19,Male
11,Frasier Golson,(314) 955-0509,frasier.golson@gmail.com,63196,Saint Louis,United States,Missouri,46,Female
12,Zaneta Pendre,(402) 012-7081,zaneta.pendre@yahoo.co.uk,68105,Omaha,United States,Nebraska,32,Male
13,Malena Soggee,(313) 120-8215,malena.soggee@freenet.de,48206,Detroit,United States,Michigan,36,Female
14,Tory Cathro,(239) 309-5962,tory.cathro@gmail.com,34114,Naples,United States,Florida,65,Female
15,Bernetta Ortsmann,(281) 848-0399,bernetta.ortsmann@yahoo.es,77065,Houston,United States,Texas,69,Female
16,Hurley Whitefoot,(239) 250-5664,hurley.whitefoot@yahoo.com,33915,Cape Coral,United States,Florida,58,Male
17,Georgena Treasure,(202) 079-8259,georgena.treasure@hotmail.fr,20244,Washington,United States,District of Columbia,65,Female
18,Julita Arrigo,(917) 969-5823,julita.arrigo@aol.com,10024,New York City,United States,New York,41,Male
19,Rebekah Dobie,(302) 255-9737,rebekah.dobie@hotmail.com,19805,Wilmington,United States,Delaware,18,Female
20,Hayley Cescon,(202) 959-5034,hayley.cescon@gmail.com,20456,Washington,United States,District of Columbia,47,Female
21,Nick Tarbin,(202) 595-4068,nick.tarbin@ig.com.br,20442,Washington,United States,District of Columbia,45,Female
22,Zea Oels,(303) 690-1297,zea.oels@gmail.com,80044,Aurora,United States,Colorado,45,Female
23,Iggy Erett,(559) 116-2287,iggy.erett@yahoo.com,93704,Fresno,United States,California,60,Female
24,Care Zanitti,(513) 340-5292,care.zanitti@gmail.com,45249,Cincinnati,United States,Ohio,25,Female
25,Derby Crispin,(304) 894-4072,derby.crispin@yahoo.com,25313,Charleston,United States,West Virginia,46,Male
26,Catrina Bengall,(480) 437-5312,catrina.bengall@hotmail.com,85271,Scottsdale,United States,Arizona,67,Female
27,Tallie Trimbey,(713) 600-2650,tallie.trimbey@hotmail.co.uk,77030,Houston,United States,Texas,53,Male
28,Emelina Auten,(812) 239-6922,emelina.auten@hotmail.com,47805,Terre Haute,United States,Indiana,68,Male
29,Denys Brando,(540) 687-7975,denys.brando@sympatico.ca,22405,Fredericksburg,United States,Virginia,52,Male
30,Jae Laxston,(480) 148-2189,jae.laxston@hotmail.com,85215,Mesa,United States,Arizona,43,Female
31,Rafe Grazier,(858) 939-5387,rafe.grazier@yahoo.com,92110,San Diego,United States,California,57,Female
32,Scott McKimmie,(217) 907-3382,scott.mckimmie@hotmail.com,62764,Springfield,United States,Illinois,56,Female
33,Haley Brandenburg,(817) 995-8154,haley.brandenburg@hotmail.com,76115,Fort Worth,United States,Texas,25,Male
34,Langsdon Cunniffe,(303) 756-0581,langsdon.cunniffe@yahoo.com,80328,Boulder,United States,Colorado,34,Female
35,Morly Forcer,(402) 684-7838,morly.forcer@yahoo.com,68110,Omaha,United States,Nebraska,63,Female
36,Dulciana Jansson,(816) 216-6762,dulciana.jansson@gmail.com,64187,Kansas City,United States,Missouri,50,Female
37,Abba Verry,(480) 782-4723,abba.verry@live.nl,85219,Apache Junction,United States,Arizona,24,Male
38,Sheffy Leishman,(217) 335-8606,sheffy.leishman@yahoo.it,62718,Springfield,United States,Illinois,36,Female
39,Elane Scamp,(914) 179-5786,elane.scamp@gmail.com,10606,White Plains,United States,New York,76,Female
40,Obadias Youthed,(336) 203-4569,obadias.youthed@gmail.com,27105,Winston Salem,United States,North Carolina,58,Female
41,Heinrick Klimentyonok,(817) 332-1655,heinrick.klimentyonok@hotmail.com,76110,Fort Worth,United States,Texas,61,Female
42,Kristin Kix,(520) 789-7170,kristin.kix@aol.com,85715,Tucson,United States,Arizona,47,Female
43,Kinny Dinjes,(520) 496-7054,kinny.dinjes@yahoo.com,85748,Tucson,United States,Arizona,64,Male
44,Dwight Eggleton,(571) 852-6957,dwight.eggleton@yahoo.com,22184,Vienna,United States,Virginia,62,Female
45,Hedda Morrow,(518) 205-9931,hedda.morrow@gmail.com,12205,Albany,United States,New York,22,Female
46,Adler Maydway,(315) 393-7391,adler.maydway@earthlink.net,13505,Utica,United States,New York,27,Male
47,Todd Abatelli,(918) 182-2352,todd.abatelli@hotmail.com,74108,Tulsa,United States,Oklahoma,40,Female
48,Boony McCorkell,(918) 923-4299,boony.mccorkell@hotmail.com,74108,Tulsa,United States,Oklahoma,66,Male
49,Reade Faircley,(850) 147-3211,reade.faircley@gmail.com,34665,Pinellas Park,United States,Florida,28,Female
50,Prescott Lutsch,(419) 175-4724,prescott.lutsch@gmail.com,43614,Toledo,United States,Ohio,45,Female
51,Charlott Libbert,(808) 198-4372,charlott.libbert@gmail.com,96812,Honolulu,United States,Hawaii,30,Female
52,Salem Dickonson,(407) 358-2191,salem.dickonson@hotmail.com,32806,Orlando,United States,Florida,45,Female
53,Alva Stivino,(870) 120-1627,alva.stivino@gmail.com,72903,Fort Smith,United States,Arkansas,43,Female
54,Seth Leavitt,(503) 059-6359,seth.leavitt@gmail.com,97205,Portland,United States,Oregon,51,Female
55,Neala Pernet,(281) 484-8765,neala.pernet@hotmail.com,77072,Houston,United States,Texas,44,Female
56,Constance Gork,(850) 529-9516,constance.gork@gmail.com,34433,Inverness,United States,Florida,66,Female
57,Aubree Causse,(319) 587-2579,aubree.causse@earthlink.net,52804,Davenport,United States,Iowa,43,Female
58,Lynn Eichhorn,(217) 341-6794,lynn.eichhorn@gmail.com,62704,Springfield,United States,Illinois,62,Female
59,Adiana Colovini,(405) 535-0041,adiana.colovini@aol.com,73132,Oklahoma City,United States,Oklahoma,21,Female
60,Leslee Zabel,(413) 935-4741,leslee.zabel@gmail.com,01089,Westfield,United States,Massachusetts,69,Female
61,Jeffery Nascimento,(518) 130-7267,jeffery.nascimento@gmail.com,12243,Albany,United States,New York,21,Female
62,Bronia Hurst,(402) 759-8192,bronia.hurst@aol.com,68124,Omaha,United States,Nebraska,55,Female
63,Marja Bedeau,(623) 820-7752,marja.bedeau@aol.com,85032,Phoenix,United States,Arizona,49,Female
64,Steve Sisk,(845) 116-5755,steve.sisk@verizon.net,12528,Kingston,United States,New York,54,Female
65,Chad Mulligan,(313) 272-1721,chad.mulligan@aol.com,48223,Detroit,United States,Michigan,59,Female
66,Nelsa Larkin,(908) 943-4733,nelsa.larkin@aol.com,07094,Jersey City,United States,New Jersey,68,Female
67,Valorie Kuehn,(503) 051-4134,valorie.kuehn@gmail.com,97204,Portland,United States,Oregon,23,Female
68,Paxton Polden,(707) 150-2314,paxton.polden@aol.com,94596,Walnut Creek,United States,California,60,Female
69,Colleen Carton,(225) 239-4299,colleen.carton@gmail.com,70808,Baton Rouge,United States,Louisiana,44,Female
70,Maxime Monfort,(540) 344-3102,maxime.monfort@gmail.com,22601,Winchester,United States,Virginia,36,Female
71,Leilani Stirling,(919) 467-1935,leilani.stirling@verizon.net,27603,Raleigh,United States,North Carolina,26,Female
72,Niels Stack,(402) 753-6248,niels.stack@gmail.com,68103,Omaha,United States,Nebraska,36,Female
73,Bronwen Plod,(603) 157-8813,bronwen.plod@live.com,03801,Portsmouth,United States,New Hampshire,51,Female
74,Gordan Nunes,(845) 976-4242,gordan.nunes@yahoo.com,12553,Poughkeepsie,United States,New York,63,Female
75,Theo Mattimore,(415) 185-1709,theo.mattimore@aol.com,94111,San Francisco,United States,California,72,Female
76,Willow Hearsum,(212) 472-4449,willow.hearsum@gmail.com,10038,New York City,United States,New York,73,Female
77,Riva Callendar,(512) 382-6722,riva.callendar@gmail.com,78756,Austin,United States,Texas,66,Female
78,Shara Kirsch,(405) 070-2115,shara.kirsch@gmail.com,73112,Oklahoma City,United States,Oklahoma,70,Female
79,Prentiss Ventu,(219) 342-0104,prentiss.ventu@hotmail.com,46320,Hammond,United States,Indiana,51,Female
80,Mari Lyman,(909) 124-3020,mari.lyman@verizon.net,92253,La Quinta,United States,California,26,Female
81,Basil Free,(213) 299-8367,basil.free@aol.com,90018,Los Angeles,United States,California,47,Female
82,Winifred Mandell,(970) 317-9390,winifred.mandell@aol.com,81641,Vail,United States,Colorado,28,Female
83,Julius Swatton,(413) 527-2942,julius.swatton@yahoo.com,01088,Northampton,United States,Massachusetts,34,Female
84,Noemi Hughs,(212) 847-3367,noemi.hughs@yahoo.com,10001,New York City,United States,New York,61,Female
85,Roland Beche,(707) 268-3025,roland.beche@gmail.com,95355,Modesto,United States,California,25,Female
86,Sook Ly,(323) 264-0678,sook.ly@aol.com,90042,Los Angeles,United States,California,33,Female
87,Ermina Allott,(301) 254-4107,ermina.allott@gmail.com,20707,Laurel,United States,Maryland,60,Female
88,Kira Bunn,(541) 573-0723,kira.bunn@gmail.com,97701,Bend,United States,Oregon,30,Female
89,Joan Tye,(504) 905-8906,joan.tye@earthlink.net,70150,New Orleans,United States,Louisiana,57,Female
90,Lona Flerning,(214) 091-2177,lona.flerning@gmail.com,75230,Dallas,United States,Texas,51,Female
91,Lorna Remy,(254) 378-5682,lorna.remy@hotmail.com,76542,Killeen,United States,Texas,41,Female
92,Edger McGahey,(858) 413-2317,edger.mcgahey@yahoo.com,92102,San Diego,United States,California,34,Female
93,Regina Pessell,(808) 317-0213,regina.pessell@gmail.com,96801,Honolulu,United States,Hawaii,65,Female
94,Janice McCann,(541) 936-6699,janice.mccann@yahoo.com,97520,Medford,United States,Oregon,52,Female
95,Mira Carron,(281) 239-5799,mira.carron@earthlink.net,77401,Alief,United States,Texas,52,Female
96,Sandy Swyston,(614) 528-1881,sandy.swyston@gmail.com,43215,Columbus,United States,Ohio,23,Female
97,Lylah Anno,(215) 053-5085,lylah.anno@gmail.com,19103,Philadelphia,United States,Pennsylvania,51,Female
98,Gregory Winsham,(210) 149-6161,gregory.winsham@gmail.com,78240,San Antonio,United States,Texas,49,Female
99,Milana Hocken,(616) 522-3890,milana.hocken@gmail.com,49546,Grand Rapids,United States,Michigan,35,Female
100,Roisin Menell,(773) 402-4563,roisin.menell@aol.com,60644,Chicago,United States,Illinois,29,Female	
101,Allene Laine,(281) 651-2078,allene.laine@gmail.com,77469,Richmond,United States,Texas,42,Female
102,Marge Dorah,(618) 379-8055,marge.dorah@yahoo.com,62294,Smithton,United States,Illinois,59,Female
103,Renato Stenhouse,(210) 208-4307,renato.stenhouse@gmail.com,78232,San Antonio,United States,Texas,44,Male
104,Clovis Horswill,(713) 334-8039,clovis.horswill@hotmail.com,77002,Houston,United States,Texas,67,Female
105,Nigel McDanel,(972) 132-7862,nigel.mcdanel@yahoo.com,75001,Addison,United States,Texas,53,Female
106,Angelina Craster,(678) 258-3742,angelina.craster@aol.com,30339,Atlanta,United States,Georgia,24,Female
107,Finley McMahon,(561) 235-8979,finley.mcmahon@aol.com,33458,Jupiter,United States,Florida,39,Female
108,Carmen McGlinchey,(317) 351-1353,carmen.mcglinchey@live.com,46268,Indianapolis,United States,Indiana,62,Female
109,Louella Kemple,(702) 409-7977,louella.kemple@aol.com,89101,Las Vegas,United States,Nevada,58,Female
110,Jordyn Ashmole,(928) 229-2459,jordyn.ashmole@aol.com,85326,Goodyear,United States,Arizona,33,Female
111,Aubrey Rockwood,(443) 552-0332,aubrey.rockwood@gmail.com,21201,Baltimore,United States,Maryland,25,Female
112,Lynsey Bock,(251) 887-2241,lynsey.bock@hotmail.com,36606,Mobile,United States,Alabama,69,Female
113,Erwin Sandals,(828) 129-4399,erwin.sandals@aol.com,28601,Boone,United States,North Carolina,49,Female
114,Joan Bob,(919) 456-5879,joan.bob@gmail.com,27601,Raleigh,United States,North Carolina,42,Female
115,Greer Hoek,(517) 330-7177,greer.hoek@hotmail.com,48910,Lansing,United States,Michigan,64,Female
116,Lilith Snoddy,(229) 152-3524,lilith.snoddy@earthlink.net,31701,Albany,United States,Georgia,58,Female
117,Cherin Otti,(203) 486-9384,cherin.otti@gmail.com,06810,Danbury,United States,Connecticut,26,Female
118,Seema Albrecht,(713) 480-0542,seema.albrecht@gmail.com,77015,Houston,United States,Texas,39,Female
119,Emmanuel Thorold,(903) 271-8995,emmanuel.thorold@live.com,75701,Tyler,United States,Texas,37,Female
120,Debora Wood,(918) 458-7635,debora.wood@aol.com,74012,Broken Arrow,United States,Oklahoma,51,Female
121,Alice McKnight,(682) 097-3490,alice.mcknight@earthlink.net,76123,Fort Worth,United States,Texas,44,Female
122,Matilda Chesson,(313) 695-7409,matilda.chesson@gmail.com,48201,Detroit,United States,Michigan,48,Female
123,Denise Latham,(850) 234-9947,denise.latham@earthlink.net,32407,Panama City,United States,Florida,44,Female
124,John Hale,(318) 872-9744,john.hale@gmail.com,71109,Shreveport,United States,Louisiana,28,Male
125,Bobbie Kempster,(303) 208-7173,bobbie.kempster@live.com,80204,Denver,United States,Colorado,29,Female
126,Julian East,(573) 875-3087,julian.east@aol.com,65203,Columbia,United States,Missouri,54,Male
127,Greta Laselle,(859) 724-6029,greta.laselle@yahoo.com,41011,Florence,United States,Kentucky,65,Female
128,Hughie Lanigan,(770) 978-8429,hughie.lanigan@gmail.com,30092,Duluth,United States,Georgia,47,Female
129,Ava Clarke,(205) 246-5671,ava.clarke@live.com,35242,Birmingham,United States,Alabama,34,Female
130,Eleanor Stack,(313) 276-1289,eleanor.stack@gmail.com,48235,Detroit,United States,Michigan,66,Female
131,Geraldine Shadbolt,(469) 148-1671,geraldine.shadbolt@gmail.com,75062,Irving,United States,Texas,65,Female
132,Jasper Smalley,(816) 203-5182,jasper.smalley@earthlink.net,64153,Kansas City,United States,Missouri,62,Female
133,Mark Winch,(573) 767-5403,mark.winch@earthlink.net,63105,St. Louis, United States,Missouri,48,Female
134,Cristen Maddon,(334) 232-4511,cristen.maddon@yahoo.com,36117,Montgomery,United States,Alabama,44,Female
135,Nicki Moreland,(865) 624-8723,nicki.moreland@gmail.com,37919,Knoxville,United States,Tennessee,26,Female
136,Osborn Bergh,(718) 506-0451,osborn.bergh@aol.com,11225,Brooklyn,United States,New York,45,Female
137,Kirstin Lasselle,(865) 158-5566,kirstin.lasselle@gmail.com,37934,Knoxville,United States,Tennessee,42,Female
138,Sandra Simons,(310) 203-3749,sandra.simons@aol.com,90006,Los Angeles,United States,California,35,Female
139,Caesar Genetti,(561) 144-2649,caesar.genetti@aol.com,33407,West Palm Beach,United States,Florida,53,Female
140,Trent Sivewright,(314) 179-4800,trent.sivewright@gmail.com,63119,St. Louis, United States,Missouri,37,Female
141,Rosalie Jay,(443) 421-1675,rosalie.jay@gmail.com,21202,Baltimore,United States,Maryland,34,Female
142,Shane Dupree,(253) 530-1730,shane.dupree@aol.com,98409,Tacoma,United States,Washington,35,Female
143,Lizzy Woodhill,(843) 262-3889,lizzy.woodhill@aol.com,29403,Charleston,United States,South Carolina,52,Female
144,Tracy Long,(305) 131-4269,tracy.long@gmail.com,33157,Miami, United States,Florida,41,Female
145,Shela Thorndale,(435) 582-1067,shela.thorndale@aol.com,84606,Provo,United States,Utah,43,Female
146,Maya Yew,(212) 936-4014,maya.yew@yahoo.com,10016,New York,United States,New York,38,Female
147,Arthur McLaren,(951) 073-7274,arthur.mclaren@gmail.com,92503,Riverside,United States,California,54,Female
148,Maryam Misner,(518) 450-3567,maryam.misner@live.com,12202,Albany,United States,New York,39,Female
149,Marsha Withers,(229) 749-0976,marsha.withers@aol.com,31820,Columbus,United States,Georgia,41,Female
150,Linwood Benham,(520) 079-4634,linwood.benham@aol.com,85712,Tucson,United States,Arizona,45,Female
151,Blanca Fahey,(505) 084-7540,blanca.fahey@earthlink.net,87505,Santa Fe,United States,New Mexico,56,Female
152,Alene Jenkins,(818) 322-8793,alene.jenkins@gmail.com,91340,San Fernando,United States,California,43,Female
153,Elmer Thomas,(949) 562-8954,elmer.thomas@gmail.com,92647,Huntington Beach,United States,California,64,Female
154,Valerie Sainsbury,(201) 371-1942,valerie.sainsbury@gmail.com,07650,Teaneck, United States,New Jersey,50,Female
155,Franklyn Lord,(858) 381-9074,franklyn.lord@earthlink.net,92109,San Diego, United States,California,41,Female
156,Cathy Wickle,(312) 478-9574,cathy.wickle@aol.com,60657,Chicago, United States,Illinois,60,Female
157,Reagan Cann,(724) 152-9313,reagan.cann@aol.com,16148,Sharon, United States,Pennsylvania,36,Female
158,Carlo Carmichael,(914) 081-2719,carlo.carmichael@gmail.com,10701,Yonkers,United States,New York,49,Female
159,Edwina Pate,(703) 264-9706,edwina.pate@live.com,22150,Springfield,United States,Virginia,65,Female
160,Morgan Wood,(336) 465-2799,morgan.wood@live.com,27104,Winston-Salem, United States,North Carolina,26,Female
161,Leila Firth,(512) 522-1268,leila.firth@gmail.com,78746,Austin, United States,Texas,35,Female
162,Milton Chadwick,(818) 240-1757,milton.chadwick@gmail.com,91342,San Fernando,United States,California,39,Female
163,Santiago Nancarrow,(650) 593-0630,santiago.nancarrow@gmail.com,94025,Palo Alto,United States,California,45,Female
164,Lorna Gaskin,(203) 507-8367,lorna.gaskin@aol.com,06032,East Hartford, United States,Connecticut,62,Female
165,Simone Hamm,(973) 477-1467,simone.hamm@gmail.com,07011,Clifton,United States,New Jersey,28,Female
166,Reuben Worner,(207) 456-1152,reuben.worner@aol.com,04101,Portland,United States,Maine,58,Female
167,Karyn Denham,(505) 432-0701,karyn.denham@aol.com,87102,Albuquerque, United States,New Mexico,33,Female
168,Shaun Malewski,(209) 123-9264,shaun.malewski@gmail.com,95391,Woodland, United States,California,45,Female
169,Rosa Guida,(503) 732-9710,rosa.guida@aol.com,97206,Portland, United States,Oregon,65,Female
170,Larry Blazek,(913) 875-2217,larry.blazek@live.com,66212,Overland Park, United States,Kansas,58,Female
171,Leo Crump,(505) 832-4184,leo.crump@aol.com,87507,Santa Fe, United States,New Mexico,67,Female
172,Geoffrey Hughes,(303) 159-5287,geoffrey.hughes@gmail.com,80231,Denver, United States,Colorado,55,Female
173,Devin Spratt,(818) 827-5867,devin.spratt@aol.com,91210,Burbank, United States,California,53,Female
174,Ryan Taylor,(913) 389-4340,ryan.taylor@aol.com,66047,Lawrence, United States,Kansas,61,Female
175,Sherry Workman,(626) 243-7556,sherry.workman@aol.com,91776,San Gabriel, United States,California,63,Female
176,Janelle Wicker,(602) 567-3093,janelle.wicker@live.com,85009,Phoenix, United States,Arizona,50,Female
177,William Simpkins,(212) 351-5760,william.simpkins@live.com,10016,New York, United States,New York,52,Female
178,Frances Saville,(804) 156-9391,frances.saville@aol.com,23220,Richmond, United States,Virginia,64,Female
179,Kirsty Threlfall,(518) 174-0399,kirsty.threlfall@earthlink.net,12601,Poughkeepsie, United States,New York,45,Female
180,Alicia Jinks,(817) 145-6324,alicia.jinks@aol.com,75062,Irving, United States,Texas,66,Female
181,Lynne Albrecht,(973) 411-2483,lynne.albrecht@gmail.com,07003,East Orange, United States,New Jersey,40,Female
182,David Kain,(816) 370-1515,david.kain@aol.com,64111,Kansas City, United States,Missouri,47,Female
183,Larry Brink,(404) 823-7545,larry.brink@live.com,30339,Atlanta, United States,Georgia,44,Female
184,Eleanor Saville,(732) 432-9823,eleanor.saville@aol.com,07310,Jersey City, United States,New Jersey,39,Female
185,Emeline Ford,(559) 211-6545,emeline.ford@gmail.com,93710,Fresno, United States,California,24,Female
186,Thomas Maddocks,(858) 234-9851,thomas.maddocks@gmail.com,92126,San Diego, United States,California,43,Female
187,Jeanne Waterhouse,(718) 672-8065,jeanne.waterhouse@aol.com,10023,New York City, United States,New York,50,Female
188,Henry Leung,(714) 226-5123,henry.leung@gmail.com,92807,Anaheim, United States,California,56,Female
189,Lynda Dewar,(315) 529-2121,lynda.dewar@gmail.com,13224,Syracuse, United States,New York,63,Female
190,Diana Lamkin,(503) 948-2487,diana.lamkin@earthlink.net,97229,Portland, United States,Oregon,64,Female
191,Theo Conn,(509) 865-0632,theo.conn@aol.com,98902,Yakima, United States,Washington,39,Female
192,Jill Brunton,(601) 535-7635,jill.brunton@earthlink.net,39208,Jackson, United States,Mississippi,47,Female
193,Lucas Lilling,(925) 112-5378,lucas.lilling@earthlink.net,94588,Pleasanton, United States,California,28,Male
194,Denise Gray,(513) 411-5268,denise.gray@earthlink.net,45231,Cincinnati, United States,Ohio,52,Female
195,Dorothy Vernon,(406) 822-4389,dorothy.vernon@earthlink.net,59901,Missoula, United States,Montana,64,Female
196,Lynn Raffel,(410) 921-6711,lynn.raffel@aol.com,20850,Silver Spring, United States,Maryland,63,Female
197,Nicole Quimby,(213) 107-8393,nicole.quimby@aol.com,90035,Los Angeles, United States,California,39,Female
198,Jack Merritt,(302) 701-5220,jack.merritt@earthlink.net,19904,Dover, United States,Delaware,45,Male
199,Beatrice Cormier,(513) 226-0589,beatrice.cormier@earthlink.net,45203,Cincinnati, United States,Ohio,28,Female
200,Samuel Marchand,(703) 365-0925,samuel.marchand@earthlink.net,22304,Alexandria, United States,Virginia,52,Male
201,Clifton Woodruff,(312) 238-8719,clifton.woodruff@aol.com,60601,Chicago,United States,Illinois,29,Male
202,Doreen Lamotte,(928) 379-1090,doreen.lamotte@gmail.com,85301,Avondale,United States,Arizona,41,Female
203,Michael Houle,(314) 847-2497,michael.houle@aol.com,63123,St. Louis, United States,Missouri,54,Female
204,Lara Berrett,(330) 760-5443,lara.berrett@earthlink.net,44312,Akron,United States,Ohio,34,Female
205,Heather Adamo,(559) 285-1551,heather.adamo@live.com,93705,Fresno,United States,California,27,Female
206,Patty Ravlin,(615) 471-1964,patty.ravlin@gmail.com,37208,Nashville,United States,Tennessee,51,Female
207,Roland Bush,(347) 899-6301,roland.bush@earthlink.net,11236,Brooklyn,United States,New York,46,Female
208,Lynnette Strickland,(573) 392-3468,lynnette.strickland@aol.com,65251,Jefferson City, United States,Missouri,53,Female
209,David Himes,(520) 329-0194,david.himes@live.com,85747,Tucson,United States,Arizona,43,Male
210,Lesley Dillen,(661) 383-9627,lesley.dillen@live.com,93307,Bakersfield, United States,California,45,Female
211,Brandon McNabb,(423) 857-2147,brandon.mcnabb@live.com,37421,Chattanooga, United States,Tennessee,40,Male
212,Julie McMurray,(573) 290-8139,julie.mcmurray@gmail.com,65101,Jefferson City, United States,Missouri,54,Female
213,Barbara Roy,(813) 850-0178,barbara.roy@gmail.com,33615,Tampa,United States,Florida,47,Female
214,Darren Steeple,(402) 392-8761,darren.steeple@gmail.com,68131,Omaha, United States,Nebraska,48,Male
215,Ingrid Fiedler,(612) 495-0383,ingrid.fiedler@aol.com,55113,Minneapolis, United States,Minnesota,61,Female
216,Clarice Kessler,(908) 377-8765,clarice.kessler@earthlink.net,07081,Westfield, United States,New Jersey,50,Female
217,Joseph Harris,(408) 568-0389,joseph.harris@gmail.com,95123,San Jose, United States,California,39,Male
218,Victoria Beasley,(281) 953-8743,victoria.beasley@aol.com,77339,Kingwood, United States,Texas,31,Female
219,Bernice Krieger,(212) 537-0736,bernice.krieger@aol.com,10027,New York, United States,New York,45,Female
220,Suzanne Sanderson,(415) 648-9135,suzanne.sanderson@gmail.com,94123,San Francisco, United States,California,40,Female
221,Marilyn McRae,(510) 374-2598,marilyn.mcrae@earthlink.net,94538,Fremont, United States,California,62,Female
222,Billie Foster,(206) 501-2325,billie.foster@aol.com,98101,Seattle, United States,Washington,43,Female
223,Dean Neal,(951) 663-4472,dean.neal@gmail.com,92562,Murrieta, United States,California,35,Male
224,Marian McKinney,(949) 732-2814,marian.mckinney@aol.com,92614,Irvine, United States,California,48,Female
225,Jeanette Armstrong,(212) 476-2010,jeanette.armstrong@aol.com,10010,New York, United States,New York,52,Female
226,Mattie Forster,(225) 796-1303,mattie.forster@earthlink.net,70802,Baton Rouge, United States,Louisiana,49,Female
227,Bennett Young,(510) 842-6554,bennett.young@earthlink.net,94550,Livermore, United States,California,33,Female
228,Rachael Withers,(315) 341-5281,rachael.withers@earthlink.net,13202,Syracuse, United States,New York,41,Female
229,Oscar Carroll,(410) 539-2682,oscar.carroll@aol.com,21205,Baltimore, United States,Maryland,39,Male
230,Maureen Leonard,(718) 542-0864,maureen.leonard@earthlink.net,10458,Bronx, United States,New York,42,Female
231,Wayne Kirby,(301) 356-9821,wayne.kirby@earthlink.net,20744,Oxon Hill, United States,Maryland,55,Female
232,Timoteo Babcock,(617) 291-3205,timoteo.babcock@aol.com,02108,Boston, United States,Massachusetts,44,Female
233,Quincy Levesque,(845) 928-4094,quincy.levesque@aol.com,12534,New Windsor, United States,New York,58,Female
234,Bruce Norris,(408) 789-3395,bruce.norris@aol.com,95008,Campbell, United States,California,55,Female
235,Corinne Curtis,(480) 529-7723,corinne.curtis@earthlink.net,85201,Apache Junction, United States,Arizona,47,Female
236,Elisa Hall,(215) 925-2711,elisa.hall@live.com,19106,Philadelphia, United States,Pennsylvania,64,Female
237,Gerald Miles,(913) 594-3035,gerald.miles@live.com,66062,Overland Park, United States,Kansas,36,Male
238,Thaddeus Collins,(503) 266-3876,thaddeus.collins@aol.com,97301,Salem, United States,Oregon,54,Female
239,Trudy Pearson,(215) 978-9261,trudy.pearson@earthlink.net,19147,Philadelphia, United States,Pennsylvania,46,Female
240,Carlota Mccarthy,(832) 189-5964,carlota.mccarthy@earthlink.net,77054,Houston, United States,Texas,47,Female
241,Milford Clark,(323) 502-4677,milford.clark@live.com,90013,Los Angeles, United States,California,40,Male
242,Timothy Millen,(216) 673-1837,timothy.millen@earthlink.net,44102,Cleveland, United States,Ohio,39,Male
243,Liza Bradshaw,(520) 335-8187,liza.bradshaw@live.com,85745,Tucson, United States,Arizona,44,Female
244,Mario Bowers,(603) 333-2922,mario.bowers@aol.com,03301,Concord, United States,New Hampshire,32,Male
245,Shannon Duff,(443) 312-9730,shannon.duff@aol.com,21228,Baltimore, United States,Maryland,29,Female
246,Carla Neville,(406) 688-3410,carla.neville@earthlink.net,59047,Hardin, United States,Montana,64,Female
247,Jason Cunningham,(410) 283-8050,jason.cunningham@earthlink.net,21234,Baltimore, United States,Maryland,50,Male
248,Janet Webb,(973) 783-1523,janet.webb@aol.com,07043,Montclair, United States,New Jersey,39,Female
249,George Mueller,(702) 361-5069,george.mueller@aol.com,89146,Las Vegas, United States,Nevada,62,Female
250,Albert Rowe,(502) 297-2627,albert.rowe@aol.com,40204,Louisville, United States,Kentucky,41,Female
251,Thelma Kendrick,(760) 303-9937,thelma.kendrick@earthlink.net,92223,Banning, United States,California,45,Female
252,Eva Pearson,(412) 706-8627,eva.pearson@aol.com,15212,Pittsburgh, United States,Pennsylvania,42,Female
253,Barbara Walls,(717) 271-6980,barbara.walls@aol.com,17043,Greencastle, United States,Pennsylvania,38,Female
254,Susan Gray,(309) 888-0893,susan.gray@aol.com,61606,Peoria, United States,Illinois,43,Female
255,Matthew Axtell,(512) 616-0513,matthew.axtell@live.com,78756,Austin, United States,Texas,29,Male
256,Philip McDermott,(559) 387-6752,philip.mcdermott@aol.com,93307,Bakersfield, United States,California,50,Male
257,Monica Nash,(215) 760-0367,monica.nash@aol.com,19111,Philadelphia, United States,Pennsylvania,62,Female
258,Catherine Mosley,(703) 426-6985,catherine.mosley@earthlink.net,22151,Springfield, United States,Virginia,43,Female
259,Johnny Jordan,(219) 585-8107,johnny.jordan@aol.com,46323,Hammond, United States,Indiana,38,Male
260,Thomas George,(415) 376-2384,thomas.george@aol.com,94104,San Francisco, United States,California,52,Male
261,Harry Norman,(719) 722-7224,harry.norman@aol.com,80903,Colorado Springs, United States,Colorado,41,Male
262,Mollie House,(907) 483-0153,mollie.house@aol.com,99507,Anchorage, United States,Alaska,61,Female
263,Bobbie Cummings,(919) 480-9363,bobbie.cummings@aol.com,27612,Raleigh, United States,North Carolina,34,Female
264,Jerald Green,(314) 232-7138,jerald.green@aol.com,63104,St. Louis, United States,Missouri,50,Male
265,Dorothy Martin,(256) 763-2701,dorothy.martin@earthlink.net,35203,Birmingham, United States,Alabama,45,Female
266,Clarence Craig,(503) 367-8489,clarence.craig@aol.com,97302,Salem, United States,Oregon,42,Male
267,Lillie Davidson,(707) 684-9499,lillie.davidson@live.com,94509,Antioch, United States,California,36,Female
268,David Billings,(479) 642-2255,david.billings@aol.com,72701,Fayetteville, United States,Arkansas,46,Female
269,Gregory Miller,(513) 808-7383,gregory.miller@earthlink.net,45208,Cincinnati, United States,Ohio,56,Female
270,Erin O'Hara,(347) 670-1294,erin.ohara@aol.com,10463,Bronx, United States,New York,45,Female
271,Peter David,(773) 649-9502,peter.david@earthlink.net,60630,Chicago, United States,Illinois,43,Male
272,June Jordan,(415) 838-0043,june.jordan@live.com,94111,San Francisco, United States,California,39,Female
273,Clifford Arnett,(727) 300-2410,clifford.arnett@earthlink.net,33709,St. Petersburg, United States,Florida,47,Male
274,Harold Webber,(408) 229-3571,harold.webber@live.com,95112,San Jose, United States,California,41,Male
275,David Peppers,(951) 887-4689,david.peppers@earthlink.net,92563,Murrieta, United States,California,39,Male
276,Annie Kim,(505) 420-8081,annie.kim@aol.com,87501,Santa Fe, United States,New Mexico,52,Female
277,Teresa Dillon,(619) 274-3589,teresa.dillon@aol.com,92120,San Diego, United States,California,42,Female
278,Tommy Holland,(614) 359-2041,tommy.holland@earthlink.net,43204,Columbus, United States,Ohio,39,Male
279,Lacy Palmer,(719) 498-3905,lacy.palmer@earthlink.net,80909,Colorado Springs, United States,Colorado,35,Female
280,Theodore Boyd,(210) 859-7345,theodore.boyd@aol.com,78230,San Antonio, United States,Texas,49,Male
281,Oscar Harper,(314) 319-9244,oscar.harper@live.com,63110,St. Louis, United States,Missouri,29,Male
282,Donna Montgomery,(216) 567-7624,donna.montgomery@earthlink.net,44118,Cleveland, United States,Ohio,61,Female
283,Marcella Williams,(919) 383-5740,marcella.williams@live.com,27511,Chapel Hill, United States,North Carolina,48,Female
284,Henry Simpson,(404) 437-5064,henry.simpson@earthlink.net,30305,Atlanta, United States,Georgia,55,Female
285,Audrey Nichols,(210) 710-5637,audrey.nichols@earthlink.net,78257,San Antonio, United States,Texas,40,Female
286,Leandro Parry,(212) 765-4745,leandro.parry@aol.com,10029,New York, United States,New York,54,Female
287,Beverly Faulkner,(813) 236-2724,beverly.faulkner@aol.com,33609,Tampa, United States,Florida,48,Female
288,Bernard Cook,(510) 634-7280,bernard.cook@live.com,94533,Vallejo, United States,California,61,Female
289,Alfred Peters,(210) 271-6034,alfred.peters@aol.com,78216,San Antonio, United States,Texas,47,Female
290,Clarence Barber,(540) 766-2325,clarence.barber@earthlink.net,24112,Radford, United States,Virginia,44,Male
291,Victoria Garza,(415) 896-8745,victoria.garza@aol.com,94118,San Francisco, United States,California,37,Female
292,Geraldine Jensen,(732) 467-3452,geraldine.jensen@aol.com,08831,Edison, United States,New Jersey,39,Female
293,Louise Novak,(314) 272-1648,louise.novak@earthlink.net,63122,St. Louis, United States,Missouri,44,Female
294,Morris McCoy,(317) 475-9134,morris.mccoy@earthlink.net,46227,Indianapolis, United States,Indiana,56,Male
295,Philip Singleton,(253) 834-2335,philip.singleton@live.com,98444,Tacoma, United States,Washington,52,Male
296,Amy Fleming,(219) 455-7392,amy.fleming@live.com,46350,Valparaiso, United States,Indiana,38,Female
297,Erin Sawyer,(310) 457-6251,erin.sawyer@earthlink.net,90210,Beverly Hills, United States,California,43,Female
298,Brett Dunlap,(540) 616-9275,brett.dunlap@earthlink.net,24060,Blacksburg, United States,Virginia,51,Male
299,Darlene Atwood,(415) 532-8457,darlene.atwood@aol.com,94115,San Francisco, United States,California,40,Female
300,Joseph Vickers,(301) 225-1103,joseph.vickers@aol.com,20877,Gaithersburg, United States,Maryland,36,Male

